<?xml version="1.0" encoding="UTF-8"?>
<vcs-root xmlns:xsi="http://www.w3.org/2001/XMLSchema-instance" uuid="3c9831f6-9f20-4e59-8d29-7f6c0972dd3c" type="jetbrains.git" xsi:noNamespaceSchemaLocation="https://www.jetbrains.com/teamcity/schemas/2021.1/project-config.xsd">
  <name>https://github.com/maslovkv/example-teamcity.git#refs/heads/master</name>
  <param name="agentCleanFilesPolicy" value="ALL_UNTRACKED" />
  <param name="agentCleanPolicy" value="ON_BRANCH_CHANGE" />
  <param name="authMethod" value="PASSWORD" />
  <param name="branch" value="refs/heads/master" />
  <param name="ignoreKnownHosts" value="true" />
  <param name="secure:password" value="zxx52e6ef1b9e704910fd676ded47e3a1f7d548fd5e9feae5039c4554872bba74234ca162a0eeab3e51775d03cbe80d301b" />
  <param name="submoduleCheckout" value="CHECKOUT" />
  <param name="teamcity:branchSpec" value="refs/heads/*" />
  <param name="url" value="https://github.com/maslovkv/example-teamcity.git" />
  <param name="useAlternates" value="AUTO" />
  <param name="username" value="maslo kv" />
  <param name="usernameStyle" value="USERID" />
</vcs-root>

