<meta-runner name="Build">
  <description>Netology_Build</description>
  <settings>
    <parameters />
    <build-runners>
      <runner name="deploy" type="Maven2">
        <conditions>
          <equals name="teamcity.build.branch.is_default" value="true" />
        </conditions>
        <parameters>
          <param name="goals" value="clean deploy" />
          <param name="localRepoScope" value="agent" />
          <param name="maven.path" value="%teamcity.tool.maven.DEFAULT%" />
          <param name="pomLocation" value="pom.xml" />
          <param name="teamcity.step.mode" value="default" />
          <param name="userSettingsSelection" value="settings.xml" />
        </parameters>
      </runner>
      <runner name="test" type="Maven2">
        <conditions>
          <equals name="teamcity.build.branch.is_default" value="false" />
        </conditions>
        <parameters>
          <param name="goals" value="clean test" />
          <param name="localRepoScope" value="agent" />
          <param name="maven.path" value="%teamcity.tool.maven.DEFAULT%" />
          <param name="pomLocation" value="pom.xml" />
          <param name="runnerArgs" value="-Dmaven.test.failure.ignore=true" />
          <param name="teamcity.step.mode" value="default" />
          <param name="userSettingsSelection" value="userSettingsSelection:default" />
        </parameters>
      </runner>
    </build-runners>
    <requirements />
  </settings>
</meta-runner>